-- phpMyAdmin SQL Dump
-- version 4.6.4
-- https://www.phpmyadmin.net/
--
-- Client :  127.0.0.1
-- Généré le :  Mer 28 Février 2018 à 21:56
-- Version du serveur :  5.7.14
-- Version de PHP :  5.6.25

SET SQL_MODE = "NO_AUTO_VALUE_ON_ZERO";
SET time_zone = "+00:00";


/*!40101 SET @OLD_CHARACTER_SET_CLIENT=@@CHARACTER_SET_CLIENT */;
/*!40101 SET @OLD_CHARACTER_SET_RESULTS=@@CHARACTER_SET_RESULTS */;
/*!40101 SET @OLD_COLLATION_CONNECTION=@@COLLATION_CONNECTION */;
/*!40101 SET NAMES utf8mb4 */;

--
-- Base de données :  `asea`
--
DROP DATABASE `asea`;
CREATE DATABASE IF NOT EXISTS `asea` DEFAULT CHARACTER SET utf8 COLLATE utf8_general_ci;
USE `asea`;

-- --------------------------------------------------------

--
-- Structure de la table `demande`
--

CREATE TABLE `demande` (
  `idDemande` int(11) NOT NULL,
  `etablissement` varchar(255) NOT NULL,
  `numOffreEmploi` int(11) NOT NULL,
  `dateHeureEmbauche` timestamp NOT NULL,
  `emploi` varchar(255) NOT NULL,
  `qualification` varchar(255) NOT NULL,
  `lieuTravail` varchar(255) NOT NULL,
  `remuneration` varchar(255) DEFAULT NULL,
  `avantage` varchar(255) DEFAULT NULL,
  `typeContrat` varchar(25) NOT NULL,
  `periodeEssaiCDI` tinyint(1) DEFAULT NULL,
  `dateDebutCDD` date DEFAULT NULL,
  `dateFinCDD` date DEFAULT NULL,
  `dateFinDernierCDD` date DEFAULT NULL,
  `motifCDD` varchar(255) DEFAULT NULL,
  `infoComplementaireMotif` varchar(255) DEFAULT NULL,
  `typeTempsTravail` varchar(25) NOT NULL,
  `volumeTempsPartiel` varchar(25) NOT NULL,
  `typeRepartitionTempsPartiel` varchar(50) NOT NULL,
  `repartitionTempsPartiel` varchar(500) NOT NULL,
  `idPersonne` int(11) NOT NULL
) ENGINE=InnoDB DEFAULT CHARSET=utf8;

--
-- Contenu de la table `demande`
--

INSERT INTO `demande` (`idDemande`, `etablissement`, `numOffreEmploi`, `dateHeureEmbauche`, `emploi`, `qualification`, `lieuTravail`, `remuneration`, `avantage`, `typeContrat`, `periodeEssaiCDI`, `dateDebutCDD`, `dateFinCDD`, `dateFinDernierCDD`, `motifCDD`, `infoComplementaireMotif`, `typeTempsTravail`, `volumeTempsPartiel`, `typeRepartitionTempsPartiel`, `repartitionTempsPartiel`, `idPersonne`) VALUES
(1, 'Eleifend PC', 1, '2018-11-12 23:00:00', 'Duis dignissim tempor', 'dictum. Phasellus in felis. Nulla', 'Nullam Enim Sed Corp.', 'Donec felis orci, adipiscing non,', 'risus. Duis', 'CDD', 0, '2017-03-08', '2017-10-17', '2018-05-01', 'dignissim', 'Duis volutpat nunc sit amet metus.', 'complet', 'lacus.', 'eget', 'dui, in', 90),
(2, 'Nunc Nulla Vulputate Corp.', 2, '2017-06-05 22:00:00', 'Proin eget odio.', 'mattis. Cras eget nisi dictum', 'Augue Id Ante PC', 'non dui nec urna suscipit', 'molestie in,', 'CDI', 0, '2019-01-20', '2017-07-03', '2018-11-06', 'ultrices,', 'elementum, lorem ut aliquam iaculis, lacus', 'complet', 'Lorem', 'lacus,', 'vestibulum nec, euismod in, dolor. Fusce feugiat. Lorem', 39),
(3, 'Blandit LLP', 3, '2017-06-14 22:00:00', 'dui. Fusce aliquam,', 'lorem fringilla ornare placerat, orci', 'Aliquam Ultrices Corporation', 'fringilla mi lacinia mattis. Integer', 'eu, placerat', 'CDI', 0, '2017-06-13', '2017-10-05', '2017-06-03', 'sit', 'lacinia mattis. Integer eu lacus. Quisque', 'partiel', 'ipsum', 'in', 'fringilla euismod enim. Etiam gravida molestie arcu. Sed eu nibh', 19),
(4, 'Morbi Tristique Senectus Company', 4, '2018-03-20 23:00:00', 'Nam ligula elit,', 'lorem tristique aliquet. Phasellus fermentum', 'Mollis Vitae Limited', 'sit amet diam eu dolor', 'Integer id', 'CDI', 0, '2019-01-11', '2018-01-23', '2017-02-28', 'id,', 'pede nec ante blandit viverra. Donec', 'complet', 'Quisque', 'non,', 'faucibus. Morbi vehicula. Pellentesque tincidunt tempus risus. Donec', 19),
(5, 'Et Ltd', 5, '2018-12-22 23:00:00', 'augue ac ipsum.', 'cursus et, eros. Proin ultrices.', 'Nulla Cras Eu Corporation', 'molestie sodales. Mauris blandit enim', 'purus gravida', 'CDD', 1, '2017-12-25', '2017-10-22', '2018-10-31', 'dui.', 'hymenaeos. Mauris ut quam vel sapien', 'complet', 'quis', 'Cras', 'leo, in lobortis tellus justo', 78),
(6, 'Erat Vivamus Ltd', 6, '2018-01-11 23:00:00', 'nonummy ut, molestie', 'litora torquent per conubia nostra,', 'Arcu Vel Quam Associates', 'nec, eleifend non, dapibus rutrum,', 'vitae erat', 'CDI', 1, '2018-01-28', '2018-10-29', '2017-12-20', 'mauris', 'quis diam luctus lobortis. Class aptent', 'complet', 'vitae', 'dolor', 'mauris. Integer sem elit, pharetra ut, pharetra sed, hendrerit', 15),
(7, 'Eu Nulla At Foundation', 7, '2019-01-04 23:00:00', 'quis, pede. Suspendisse', 'Duis elementum, dui quis accumsan', 'Feugiat Non Lobortis LLP', 'mauris, rhoncus id, mollis nec,', 'dictum ultricies', 'CDI', 0, '2018-02-19', '2017-05-01', '2017-08-08', 'molestie', 'Integer eu lacus. Quisque imperdiet, erat', 'partiel', 'ipsum', 'eget', 'bibendum fermentum metus.', 100),
(8, 'Urna Justo Faucibus Industries', 8, '2018-04-27 22:00:00', 'ligula elit, pretium', 'lacinia orci, consectetuer euismod est', 'Ut Eros Consulting', 'neque et nunc. Quisque ornare', 'volutpat. Nulla', 'CDD', 0, '2018-04-02', '2018-05-01', '2018-09-15', 'fermentum', 'libero et tristique pellentesque, tellus sem', 'partiel', 'ultricies', 'neque', 'Integer in magna. Phasellus dolor', 96),
(9, 'Nunc Mauris Ltd', 9, '2017-03-08 23:00:00', 'natoque penatibus et', 'eget magna. Suspendisse tristique neque', 'Sit Incorporated', 'quis, pede. Praesent eu dui.', 'posuere at,', 'CDD', 1, '2018-03-12', '2018-04-02', '2018-07-01', 'Quisque', 'non, sollicitudin a, malesuada id, erat.', 'complet', 'rhoncus.', 'eget,', 'pretium aliquet, metus', 81),
(10, 'Morbi Neque LLP', 10, '2018-02-13 23:00:00', 'Vestibulum ante ipsum', 'blandit viverra. Donec tempus, lorem', 'Sit Amet Industries', 'libero. Morbi accumsan laoreet ipsum.', 'ultrices. Vivamus', 'CDD', 0, '2019-01-16', '2018-07-04', '2017-09-01', 'sit', 'Proin dolor. Nulla semper tellus id', 'complet', 'odio.', 'dictum', 'per', 98),
(11, 'Duis At Lacus Incorporated', 11, '2018-04-21 22:00:00', 'tincidunt tempus risus.', 'vitae, posuere at, velit. Cras', 'Nulla Vulputate Company', 'eu, odio. Phasellus at augue', 'id sapien.', 'CDI', 1, '2017-03-18', '2018-08-19', '2017-10-28', 'Phasellus', 'torquent per conubia nostra, per inceptos', 'partiel', 'ac', 'eget', 'vitae, sodales at, velit. Pellentesque ultricies dignissim lacus. Aliquam rutrum', 81),
(12, 'Tincidunt Donec Vitae Industries', 12, '2018-06-28 22:00:00', 'ante ipsum primis', 'Vestibulum accumsan neque et nunc.', 'Eu Industries', 'eu augue porttitor interdum. Sed', 'quis arcu', 'CDD', 0, '2018-03-09', '2018-01-23', '2018-12-11', 'Mauris', 'quam quis diam. Pellentesque habitant morbi', 'partiel', 'justo.', 'Suspendisse', 'consequat nec, mollis vitae, posuere at,', 49),
(13, 'Mi Duis Risus Industries', 13, '2018-04-15 22:00:00', 'volutpat. Nulla dignissim.', 'lorem ipsum sodales purus, in', 'Cras LLP', 'Integer urna. Vivamus molestie dapibus', 'mattis. Cras', 'CDI', 0, '2018-09-27', '2019-02-06', '2017-03-16', 'eget', 'Donec feugiat metus sit amet ante.', 'complet', 'Vestibulum', 'Mauris', 'Vivamus sit amet risus. Donec egestas. Aliquam', 96),
(14, 'Mollis Lectus Pede Industries', 14, '2017-05-27 22:00:00', 'ac libero nec', 'tincidunt dui augue eu tellus.', 'Eu LLP', 'dapibus quam quis diam. Pellentesque', 'tempor, est', 'CDD', 1, '2017-09-16', '2017-09-29', '2018-07-01', 'euismod', 'lectus pede et risus. Quisque libero', 'complet', 'mus.', 'sollicitudin', 'Donec felis orci, adipiscing non, luctus sit amet, faucibus ut,', 67),
(15, 'Magna PC', 15, '2018-02-25 23:00:00', 'vitae purus gravida', 'consectetuer adipiscing elit. Aliquam auctor,', 'Sodales Purus In Limited', 'vitae nibh. Donec est mauris,', 'nonummy ut,', 'CDI', 0, '2017-12-26', '2017-09-22', '2017-05-26', 'tincidunt', 'dignissim lacus. Aliquam rutrum lorem ac', 'complet', 'hendrerit', 'elit', 'a, arcu. Sed et', 23),
(16, 'Malesuada Incorporated', 16, '2019-01-02 23:00:00', 'arcu vel quam', 'pharetra, felis eget varius ultrices,', 'Erat Eget Ipsum Consulting', 'lectus, a sollicitudin orci sem', 'laoreet, libero', 'CDI', 1, '2017-07-31', '2018-06-25', '2018-09-10', 'neque', 'quam, elementum at, egestas a, scelerisque', 'complet', 'risus.', 'Nunc', 'Morbi neque tellus, imperdiet non, vestibulum', 16),
(17, 'In Nec Orci Incorporated', 17, '2017-03-25 23:00:00', 'ac turpis egestas.', 'interdum. Sed auctor odio a', 'Libero Associates', 'urna justo faucibus lectus, a', 'dictum augue', 'CDI', 1, '2017-11-22', '2018-08-22', '2017-10-07', 'eros', 'erat volutpat. Nulla facilisis. Suspendisse commodo', 'complet', 'mus.', 'dapibus', 'Nunc ullamcorper, velit', 19),
(18, 'Pellentesque Industries', 18, '2018-02-17 23:00:00', 'bibendum ullamcorper. Duis', 'consectetuer, cursus et, magna. Praesent', 'Nascetur Ridiculus Mus Company', 'Donec tincidunt. Donec vitae erat', 'eros non', 'CDI', 0, '2017-10-13', '2018-03-31', '2017-03-30', 'pede', 'ornare. Fusce mollis. Duis sit amet', 'complet', 'eu', 'at', 'natoque penatibus et magnis dis parturient montes, nascetur ridiculus', 73),
(19, 'Aliquet Lobortis Nisi Ltd', 19, '2017-07-26 22:00:00', 'sem magna nec', 'vel sapien imperdiet ornare. In', 'Pede Ac Urna Industries', 'quis lectus. Nullam suscipit, est', 'Mauris magna.', 'CDD', 0, '2018-09-28', '2017-12-15', '2019-02-17', 'risus', 'quam, elementum at, egestas a, scelerisque', 'complet', 'Morbi', 'pretium', 'Duis at lacus. Quisque purus sapien, gravida non, sollicitudin a,', 78),
(20, 'Consectetuer Incorporated', 20, '2017-12-31 23:00:00', 'hendrerit consectetuer, cursus', 'justo nec ante. Maecenas mi', 'Libero Corporation', 'facilisis lorem tristique aliquet. Phasellus', 'dui. Suspendisse', 'CDD', 1, '2017-02-28', '2018-10-25', '2017-05-07', 'velit.', 'pharetra. Quisque ac libero nec ligula', 'complet', 'eu,', 'ridiculus', 'Vestibulum', 24),
(21, 'Per Conubia Associates', 21, '2018-12-24 23:00:00', 'vitae aliquam eros', 'eleifend vitae, erat. Vivamus nisi.', 'At Auctor Incorporated', 'sociis natoque penatibus et magnis', 'et magnis', 'CDI', 0, '2018-02-21', '2017-06-17', '2019-01-22', 'Quisque', 'amet metus. Aliquam erat volutpat. Nulla', 'complet', 'enim.', 'commodo', 'est. Mauris eu turpis. Nulla aliquet.', 45),
(22, 'Et Tristique Pellentesque Limited', 22, '2017-04-11 22:00:00', 'feugiat metus sit', 'velit eu sem. Pellentesque ut', 'Ut Sagittis Lobortis Corporation', 'nunc. Quisque ornare tortor at', 'per inceptos', 'CDI', 1, '2017-12-03', '2017-10-23', '2017-11-19', 'turpis', 'lorem, eget mollis lectus pede et', 'complet', 'amet,', 'lacus.', 'mollis', 68),
(23, 'At Augue Incorporated', 23, '2018-06-12 22:00:00', 'enim non nisi.', 'vitae, orci. Phasellus dapibus quam', 'Aliquam Adipiscing Ltd', 'adipiscing lacus. Ut nec urna', 'in aliquet', 'CDI', 1, '2019-02-25', '2018-05-17', '2018-03-19', 'Mauris', 'urna justo faucibus lectus, a sollicitudin', 'partiel', 'Integer', 'interdum.', 'malesuada ut, sem.', 34),
(24, 'Ornare Placerat Orci Limited', 24, '2018-08-12 22:00:00', 'magna. Ut tincidunt', 'placerat velit. Quisque varius. Nam', 'Turpis Nulla Aliquet Corp.', 'sed, facilisis vitae, orci. Phasellus', 'metus. Vivamus', 'CDD', 0, '2017-09-19', '2017-03-01', '2018-04-16', 'Sed', 'et, commodo at, libero. Morbi accumsan', 'partiel', 'non', 'aliquet', 'Phasellus libero mauris, aliquam eu, accumsan sed, facilisis vitae,', 26),
(25, 'Sed Corporation', 25, '2018-02-11 23:00:00', 'Ut tincidunt orci', 'Etiam ligula tortor, dictum eu,', 'Pellentesque Ut Ipsum Corp.', 'vel, mauris. Integer sem elit,', 'enim nisl', 'CDD', 1, '2018-06-23', '2018-03-18', '2017-07-28', 'in', 'sociosqu ad litora torquent per conubia', 'partiel', 'ullamcorper.', 'sit', 'aliquam adipiscing', 55),
(26, 'Donec Felis Corporation', 26, '2017-08-19 22:00:00', 'tincidunt, neque vitae', 'massa. Integer vitae nibh. Donec', 'Nam Industries', 'Donec tempor, est ac mattis', 'purus sapien,', 'CDI', 1, '2018-02-12', '2018-03-22', '2018-05-11', 'Duis', 'Donec sollicitudin adipiscing ligula. Aenean gravida', 'partiel', 'aliquam', 'fringilla', 'nulla vulputate dui, nec tempus mauris', 47),
(27, 'Gravida Non Company', 27, '2017-04-12 22:00:00', 'dui. Fusce diam', 'eu odio tristique pharetra. Quisque', 'Integer Company', 'dolor. Fusce mi lorem, vehicula', 'Cras dictum', 'CDI', 1, '2017-08-12', '2017-10-01', '2018-02-21', 'ornare', 'tincidunt adipiscing. Mauris molestie pharetra nibh.', 'partiel', 'nascetur', 'bibendum.', 'ut mi. Duis risus odio, auctor vitae, aliquet', 9),
(28, 'Libero Mauris Institute', 28, '2018-04-12 22:00:00', 'sit amet, faucibus', 'ut, nulla. Cras eu tellus', 'Ut Foundation', 'Donec fringilla. Donec feugiat metus', 'semper, dui', 'CDD', 0, '2018-01-04', '2018-01-25', '2018-01-10', 'In', 'iaculis nec, eleifend non, dapibus rutrum,', 'complet', 'sapien,', 'molestie', 'Morbi quis urna.', 68),
(29, 'Justo Eu Ltd', 29, '2019-02-25 23:00:00', 'consectetuer mauris id', 'ligula. Donec luctus aliquet odio.', 'Semper Egestas Ltd', 'hendrerit a, arcu. Sed et', 'metus. Aenean', 'CDD', 1, '2018-02-05', '2018-01-08', '2018-11-06', 'magna.', 'Ut sagittis lobortis mauris. Suspendisse aliquet', 'partiel', 'volutpat', 'vestibulum', 'sagittis. Duis gravida. Praesent eu nulla', 12),
(30, 'Sed Pede Cum Corporation', 30, '2018-03-10 23:00:00', 'dignissim lacus. Aliquam', 'Fusce fermentum fermentum arcu. Vestibulum', 'Sem Mollis Dui PC', 'turpis vitae purus gravida sagittis.', 'vitae, erat.', 'CDI', 1, '2018-04-14', '2018-04-22', '2017-11-05', 'nonummy', 'elit. Curabitur sed tortor. Integer aliquam', 'complet', 'enim.', 'Ut', 'purus gravida', 80),
(31, 'Magna Ut Tincidunt PC', 31, '2018-10-28 23:00:00', 'enim diam vel', 'cursus. Integer mollis. Integer tincidunt', 'Magnis Dis Parturient Limited', 'Nullam scelerisque neque sed sem', 'Pellentesque habitant', 'CDI', 0, '2018-10-06', '2018-11-06', '2017-11-05', 'egestas.', 'aliquam arcu. Aliquam ultrices iaculis odio.', 'partiel', 'tortor.', 'feugiat', 'lacus vestibulum lorem, sit amet ultricies sem magna', 83),
(32, 'Augue Ltd', 32, '2017-05-04 22:00:00', 'lorem, luctus ut,', 'egestas hendrerit neque. In ornare', 'Iaculis Incorporated', 'lacinia vitae, sodales at, velit.', 'egestas, urna', 'CDD', 0, '2017-06-28', '2017-04-29', '2017-12-21', 'aliquet', 'rutrum urna, nec luctus felis purus', 'complet', 'lacus.', 'sed', 'cursus a, enim. Suspendisse aliquet, sem ut cursus luctus,', 96),
(33, 'A LLP', 33, '2017-04-18 22:00:00', 'dolor quam, elementum', 'quis lectus. Nullam suscipit, est', 'Vitae Mauris Sit Institute', 'Nunc laoreet lectus quis massa.', 'amet massa.', 'CDD', 1, '2019-01-27', '2018-02-04', '2017-08-24', 'fames', 'Aenean sed pede nec ante blandit', 'complet', 'tempor', 'orci', 'lectus. Cum sociis natoque penatibus et magnis', 16),
(34, 'Enim Sit Amet Industries', 34, '2018-01-09 23:00:00', 'augue id ante', 'Proin sed turpis nec mauris', 'Sem Ut Dolor Company', 'ut dolor dapibus gravida. Aliquam', 'amet risus.', 'CDD', 0, '2018-06-09', '2017-10-28', '2017-03-17', 'hendrerit', 'ut cursus luctus, ipsum leo elementum', 'complet', 'Nunc', 'lectus.', 'Curabitur dictum. Phasellus in', 78),
(35, 'Ante Lectus Convallis Foundation', 35, '2018-03-29 22:00:00', 'vitae, posuere at,', 'gravida. Aliquam tincidunt, nunc ac', 'Aliquet Sem Ut Corporation', 'cursus luctus, ipsum leo elementum', 'eros. Nam', 'CDD', 0, '2017-04-21', '2017-12-26', '2017-11-20', 'eget,', 'felis purus ac tellus. Suspendisse sed', 'complet', 'lacinia', 'semper', 'Cras dolor dolor, tempus non, lacinia at,', 16),
(36, 'Amet Orci Institute', 36, '2017-11-27 23:00:00', 'metus facilisis lorem', 'tristique senectus et netus et', 'Euismod Et Commodo Institute', 'ante ipsum primis in faucibus', 'elementum at,', 'CDI', 0, '2017-11-18', '2018-06-24', '2018-01-05', 'ac,', 'molestie tortor nibh sit amet orci.', 'partiel', 'semper', 'Donec', 'tempus, lorem fringilla ornare placerat, orci lacus vestibulum lorem, sit', 61),
(37, 'Vitae Aliquam Eros Incorporated', 37, '2017-07-15 22:00:00', 'nisl. Quisque fringilla', 'tempor lorem, eget mollis lectus', 'Dignissim Maecenas Ornare Ltd', 'iaculis odio. Nam interdum enim', 'felis eget', 'CDD', 1, '2017-05-11', '2017-08-20', '2018-06-27', 'Morbi', 'congue a, aliquet vel, vulputate eu,', 'complet', 'et', 'sem', 'elit erat vitae risus. Duis a mi fringilla', 37),
(38, 'Odio Phasellus Industries', 38, '2018-09-22 22:00:00', 'nisi sem semper', 'eu, accumsan sed, facilisis vitae,', 'In Dolor Fusce Corporation', 'tempor erat neque non quam.', 'Fusce mollis.', 'CDD', 0, '2017-09-03', '2018-07-31', '2017-10-01', 'molestie', 'id, blandit at, nisi. Cum sociis', 'partiel', 'nunc', 'condimentum', 'porta elit, a feugiat tellus lorem eu metus. In lorem.', 62),
(39, 'Donec Foundation', 39, '2017-11-29 23:00:00', 'Sed pharetra, felis', 'dapibus rutrum, justo. Praesent luctus.', 'Interdum Enim Non PC', 'egestas. Aliquam nec enim. Nunc', 'erat eget', 'CDD', 1, '2018-08-31', '2018-05-25', '2017-04-11', 'et', 'ante. Vivamus non lorem vitae odio', 'complet', 'magna', 'diam', 'Cras', 52),
(40, 'Augue PC', 40, '2017-11-17 23:00:00', 'porttitor tellus non', 'at, velit. Cras lorem lorem,', 'Nunc Pulvinar Corporation', 'Donec felis orci, adipiscing non,', 'lobortis quis,', 'CDD', 0, '2019-01-17', '2017-04-26', '2017-06-25', 'Donec', 'nonummy. Fusce fermentum fermentum arcu. Vestibulum', 'complet', 'nascetur', 'dolor', 'Cras sed leo.', 62),
(41, 'Metus Vivamus Euismod LLC', 41, '2019-01-21 23:00:00', 'blandit. Nam nulla', 'Phasellus in felis. Nulla tempor', 'Nullam Corp.', 'id, blandit at, nisi. Cum', 'sed leo.', 'CDD', 0, '2018-01-09', '2018-07-27', '2018-05-28', 'dis', 'pede, malesuada vel, venenatis vel, faucibus', 'partiel', 'lorem,', 'cursus.', 'nec urna et', 92),
(42, 'Curae; Phasellus Ornare Corporation', 42, '2018-10-14 22:00:00', 'imperdiet ornare. In', 'Aliquam vulputate ullamcorper magna. Sed', 'Fermentum Consulting', 'neque tellus, imperdiet non, vestibulum', 'Morbi metus.', 'CDD', 1, '2017-03-04', '2018-12-04', '2017-10-10', 'Nullam', 'Sed id risus quis diam luctus', 'partiel', 'semper', 'tincidunt', 'vitae,', 48),
(43, 'Lorem Donec Foundation', 43, '2017-09-27 22:00:00', 'luctus. Curabitur egestas', 'libero et tristique pellentesque, tellus', 'Libero Institute', 'ante. Vivamus non lorem vitae', 'dictum eu,', 'CDD', 1, '2019-02-20', '2018-06-12', '2018-03-07', 'vulputate,', 'mollis non, cursus non, egestas a,', 'partiel', 'Vestibulum', 'auctor', 'ornare placerat, orci lacus vestibulum', 75),
(44, 'Orci Tincidunt Adipiscing Corp.', 44, '2018-08-21 22:00:00', 'sit amet, dapibus', 'dictum augue malesuada malesuada. Integer', 'Tempus Non LLC', 'Lorem ipsum dolor sit amet,', 'tempus, lorem', 'CDI', 0, '2017-07-01', '2018-08-03', '2018-02-01', 'In', 'mi tempor lorem, eget mollis lectus', 'partiel', 'sed', 'Phasellus', 'sit amet metus. Aliquam erat volutpat. Nulla facilisis.', 66),
(45, 'Aliquam Vulputate Ullamcorper PC', 45, '2017-05-16 22:00:00', 'mi pede, nonummy', 'nisi. Aenean eget metus. In', 'Dictum Phasellus Ltd', 'mus. Aenean eget magna. Suspendisse', 'mauris a', 'CDD', 1, '2017-03-17', '2018-07-02', '2017-09-16', 'dis', 'metus. Vivamus euismod urna. Nullam lobortis', 'partiel', 'facilisi.', 'ipsum', 'sapien. Cras dolor dolor, tempus non, lacinia at,', 57),
(46, 'Nisl Quisque Corp.', 46, '2018-11-26 23:00:00', 'varius orci, in', 'eros turpis non enim. Mauris', 'Phasellus Fermentum Convallis Company', 'sit amet ornare lectus justo', 'quis lectus.', 'CDI', 0, '2017-04-15', '2018-06-26', '2017-10-31', 'sed,', 'sagittis. Duis gravida. Praesent eu nulla', 'complet', 'commodo', 'sem', 'ac, eleifend vitae, erat. Vivamus', 40),
(47, 'Sit Inc.', 47, '2017-11-16 23:00:00', 'arcu ac orci.', 'tempus scelerisque, lorem ipsum sodales', 'Egestas Consulting', 'Vestibulum ante ipsum primis in', 'luctus, ipsum', 'CDD', 1, '2019-02-17', '2017-07-15', '2017-08-18', 'et,', 'Nunc sed orci lobortis augue scelerisque', 'complet', 'tellus', 'vestibulum', 'nunc sed pede. Cum sociis natoque penatibus et magnis dis', 16),
(48, 'Gravida Industries', 48, '2018-12-01 23:00:00', 'luctus et ultrices', 'conubia nostra, per inceptos hymenaeos.', 'Ut Nisi Corp.', 'lectus quis massa. Mauris vestibulum,', 'parturient montes,', 'CDI', 0, '2017-04-10', '2017-09-27', '2018-02-15', 'a', 'luctus. Curabitur egestas nunc sed libero.', 'complet', 'cursus', 'ligula', 'adipiscing elit. Curabitur sed tortor. Integer aliquam', 55),
(49, 'Lobortis Quam A Incorporated', 49, '2017-03-09 23:00:00', 'convallis ligula. Donec', 'mi lacinia mattis. Integer eu', 'Etiam Imperdiet Consulting', 'ut, sem. Nulla interdum. Curabitur', 'Cras eu', 'CDD', 0, '2018-07-01', '2017-03-26', '2018-11-24', 'ut,', 'urna justo faucibus lectus, a sollicitudin', 'complet', 'Nunc', 'nisl.', 'laoreet ipsum. Curabitur consequat, lectus sit amet luctus vulputate, nisi', 64),
(50, 'Tellus Suspendisse LLP', 50, '2018-08-05 22:00:00', 'Vestibulum ante ipsum', 'sem semper erat, in consectetuer', 'Elementum LLC', 'Mauris magna. Duis dignissim tempor', 'eu erat', 'CDD', 1, '2017-03-11', '2018-12-30', '2017-07-20', 'pulvinar', 'Nulla tempor augue ac ipsum. Phasellus', 'partiel', 'elit,', 'orci,', 'faucibus orci luctus et ultrices posuere cubilia Curae; Donec tincidunt.', 91),
(51, 'Maecenas Libero Est Consulting', 51, '2017-11-05 23:00:00', 'a purus. Duis', 'cursus. Integer mollis. Integer tincidunt', 'Dictum Mi Ac Inc.', 'tempus scelerisque, lorem ipsum sodales', 'Donec felis', 'CDI', 1, '2017-04-12', '2018-12-15', '2017-05-20', 'euismod', 'Nunc sollicitudin commodo ipsum. Suspendisse non', 'partiel', 'purus', 'vitae,', 'magna a neque. Nullam ut nisi a odio semper cursus.', 50),
(52, 'Eu Tellus Consulting', 52, '2018-01-02 23:00:00', 'Aliquam ultrices iaculis', 'interdum. Nunc sollicitudin commodo ipsum.', 'Hendrerit Consectetuer LLP', 'Nam ac nulla. In tincidunt', 'dignissim pharetra.', 'CDD', 1, '2017-09-01', '2018-08-27', '2018-05-19', 'neque', 'In mi pede, nonummy ut, molestie', 'complet', 'facilisis', 'odio', 'felis. Nulla tempor augue', 73),
(53, 'Ante Ipsum Primis Foundation', 53, '2018-04-22 22:00:00', 'ut, pellentesque eget,', 'tellus lorem eu metus. In', 'Sed Dictum Eleifend Incorporated', 'et, magna. Praesent interdum ligula', 'vitae nibh.', 'CDD', 1, '2018-10-24', '2018-12-14', '2017-06-07', 'fermentum', 'sit amet, risus. Donec nibh enim,', 'complet', 'ultrices.', 'sapien', 'Donec est mauris, rhoncus id,', 80),
(54, 'Tellus Limited', 54, '2017-10-21 22:00:00', 'ac tellus. Suspendisse', 'nibh vulputate mauris sagittis placerat.', 'Etiam Ligula Tortor Ltd', 'eu turpis. Nulla aliquet. Proin', 'lacinia. Sed', 'CDD', 0, '2017-03-15', '2018-04-15', '2017-07-03', 'enim', 'nulla. Donec non justo. Proin non', 'complet', 'ultrices', 'semper', 'Pellentesque habitant morbi tristique senectus et netus et malesuada', 85),
(55, 'Eget Volutpat Ornare Limited', 55, '2017-04-14 22:00:00', 'Fusce diam nunc,', 'est ac mattis semper, dui', 'Dictum Ultricies Ligula Consulting', 'dis parturient montes, nascetur ridiculus', 'tristique senectus', 'CDD', 1, '2017-06-30', '2017-03-27', '2018-04-30', 'vel,', 'eget laoreet posuere, enim nisl elementum', 'complet', 'ultrices', 'natoque', 'nibh. Quisque nonummy ipsum non arcu. Vivamus sit amet', 39),
(56, 'Malesuada Vel Convallis LLP', 56, '2017-10-10 22:00:00', 'facilisis lorem tristique', 'ac nulla. In tincidunt congue', 'Sollicitudin Industries', 'Donec nibh. Quisque nonummy ipsum', 'eleifend, nunc', 'CDI', 0, '2017-05-10', '2017-12-24', '2018-04-24', 'mauris', 'lacus. Cras interdum. Nunc sollicitudin commodo', 'partiel', 'ipsum.', 'auctor', 'aliquam adipiscing lacus. Ut', 27),
(57, 'Eros Nec Tellus Corporation', 57, '2018-03-02 23:00:00', 'dui quis accumsan', 'interdum. Sed auctor odio a', 'In Sodales Elit PC', 'tincidunt nibh. Phasellus nulla. Integer', 'dolor quam,', 'CDD', 0, '2019-02-27', '2017-12-07', '2017-03-11', 'Ut', 'nec, mollis vitae, posuere at, velit.', 'complet', 'massa.', 'in', 'feugiat placerat velit. Quisque varius.', 22),
(58, 'Mi Felis Corp.', 58, '2018-04-10 22:00:00', 'purus, accumsan interdum', 'ipsum dolor sit amet, consectetuer', 'Neque Non Industries', 'Ut tincidunt vehicula risus. Nulla', 'in consequat', 'CDI', 0, '2018-02-16', '2018-04-13', '2018-06-16', 'massa.', 'et, eros. Proin ultrices. Duis volutpat', 'complet', 'blandit', 'parturient', 'iaculis enim, sit amet ornare lectus', 28),
(59, 'Elementum Lorem Ut Company', 59, '2017-08-05 22:00:00', 'ante ipsum primis', 'velit. Aliquam nisl. Nulla eu', 'Accumsan Associates', 'Vestibulum ante ipsum primis in', 'natoque penatibus', 'CDI', 1, '2018-03-14', '2018-07-01', '2017-09-25', 'ipsum.', 'sit amet ante. Vivamus non lorem', 'partiel', 'amet', 'vitae', 'rhoncus. Proin nisl sem,', 27),
(60, 'Malesuada Fringilla Est Foundation', 60, '2018-03-18 23:00:00', 'Nam consequat dolor', 'porta elit, a feugiat tellus', 'Magna Cras Foundation', 'quam, elementum at, egestas a,', 'nisi. Aenean', 'CDD', 1, '2018-11-14', '2017-07-22', '2019-02-22', 'sociis', 'Nunc laoreet lectus quis massa. Mauris', 'complet', 'Nulla', 'placerat', 'et libero. Proin mi. Aliquam gravida mauris ut', 44),
(61, 'Morbi Sit Amet Institute', 61, '2017-05-18 22:00:00', 'Aliquam erat volutpat.', 'egestas, urna justo faucibus lectus,', 'Orci Company', 'nunc id enim. Curabitur massa.', 'placerat, augue.', 'CDD', 1, '2017-05-02', '2017-07-12', '2019-01-16', 'ipsum', 'pellentesque. Sed dictum. Proin eget odio.', 'partiel', 'velit', 'ut,', 'eu, accumsan sed, facilisis', 68),
(62, 'Nulla Vulputate Dui Inc.', 62, '2018-02-20 23:00:00', 'Nunc mauris sapien,', 'Aenean eget magna. Suspendisse tristique', 'Rhoncus Donec Company', 'diam. Sed diam lorem, auctor', 'nascetur ridiculus', 'CDI', 1, '2017-09-16', '2017-12-18', '2017-08-09', 'Cras', 'quis turpis vitae purus gravida sagittis.', 'partiel', 'blandit', 'enim', 'Nulla tincidunt, neque vitae semper egestas, urna justo', 44),
(63, 'Diam Consulting', 63, '2019-01-29 23:00:00', 'dignissim tempor arcu.', 'et, commodo at, libero. Morbi', 'Sociis Natoque Penatibus LLC', 'ipsum primis in faucibus orci', 'Nam interdum', 'CDI', 0, '2018-02-17', '2017-06-21', '2017-07-15', 'massa', 'tempor diam dictum sapien. Aenean massa.', 'complet', 'feugiat', 'Praesent', 'Cras dictum ultricies ligula. Nullam enim. Sed nulla', 59),
(64, 'Ultricies Ornare LLC', 64, '2017-03-28 22:00:00', 'sed, hendrerit a,', 'velit dui, semper et, lacinia', 'Dolor Fusce Consulting', 'adipiscing elit. Curabitur sed tortor.', 'Curabitur massa.', 'CDD', 1, '2018-06-27', '2019-01-25', '2017-07-05', 'Vestibulum', 'turpis nec mauris blandit mattis. Cras', 'partiel', 'euismod', 'netus', 'libero lacus, varius', 31),
(65, 'Morbi PC', 65, '2018-09-09 22:00:00', 'gravida nunc sed', 'quis, pede. Suspendisse dui. Fusce', 'In Ornare Sagittis Inc.', 'faucibus id, libero. Donec consectetuer', 'tortor at', 'CDD', 0, '2017-07-11', '2019-01-15', '2017-03-14', 'Fusce', 'vitae, sodales at, velit. Pellentesque ultricies', 'complet', 'Duis', 'Integer', 'ultricies dignissim lacus. Aliquam rutrum lorem', 53),
(66, 'Phasellus At Consulting', 66, '2017-06-30 22:00:00', 'Donec nibh. Quisque', 'dui. Fusce diam nunc, ullamcorper', 'Ultricies Sem Industries', 'enim diam vel arcu. Curabitur', 'a purus.', 'CDI', 0, '2018-09-26', '2017-05-08', '2017-12-26', 'Donec', 'dolor. Fusce mi lorem, vehicula et,', 'partiel', 'metus.', 'magna.', 'ultrices iaculis', 91),
(67, 'Molestie Corporation', 67, '2018-11-13 23:00:00', 'velit eget laoreet', 'ut, pharetra sed, hendrerit a,', 'Nec Urna Suscipit Industries', 'et magnis dis parturient montes,', 'congue a,', 'CDD', 0, '2018-05-27', '2017-06-28', '2018-01-11', 'est.', 'aliquet libero. Integer in magna. Phasellus', 'complet', 'lobortis,', 'cursus', 'mauris. Morbi non sapien molestie orci tincidunt', 56),
(68, 'A PC', 68, '2017-03-04 23:00:00', 'et pede. Nunc', 'vehicula et, rutrum eu, ultrices', 'Non Sollicitudin A PC', 'facilisis eget, ipsum. Donec sollicitudin', 'mi. Duis', 'CDI', 0, '2017-06-14', '2018-01-19', '2018-06-09', 'volutpat.', 'est ac facilisis facilisis, magna tellus', 'partiel', 'Curae;', 'mi.', 'mollis. Integer tincidunt aliquam arcu.', 58),
(69, 'Dui Quis Accumsan LLC', 69, '2018-02-26 23:00:00', 'amet orci. Ut', 'ut erat. Sed nunc est,', 'Eu PC', 'ullamcorper, nisl arcu iaculis enim,', 'urna, nec', 'CDI', 0, '2017-08-25', '2017-06-18', '2018-09-02', 'enim.', 'sodales nisi magna sed dui. Fusce', 'complet', 'non', 'tempus', 'tincidunt orci quis lectus. Nullam suscipit, est ac', 24),
(70, 'Eu Inc.', 70, '2018-05-26 22:00:00', 'nunc sed libero.', 'risus. Duis a mi fringilla', 'Erat Volutpat Nulla Industries', 'accumsan neque et nunc. Quisque', 'cursus luctus,', 'CDI', 1, '2017-12-09', '2019-01-16', '2018-04-15', 'Ut', 'sed tortor. Integer aliquam adipiscing lacus.', 'complet', 'mauris', 'Sed', 'semper et, lacinia vitae,', 69),
(71, 'Morbi Neque Limited', 71, '2017-04-24 22:00:00', 'eu odio tristique', 'sodales elit erat vitae risus.', 'In Cursus Corp.', 'Aliquam tincidunt, nunc ac mattis', 'at risus.', 'CDD', 0, '2018-09-26', '2017-11-15', '2019-02-24', 'ullamcorper', 'non justo. Proin non massa non', 'partiel', 'nulla', 'sed,', 'velit eget laoreet posuere, enim nisl', 65),
(72, 'Per Inceptos Hymenaeos LLP', 72, '2019-02-09 23:00:00', 'mauris, rhoncus id,', 'neque tellus, imperdiet non, vestibulum', 'Purus Maecenas Company', 'fringilla mi lacinia mattis. Integer', 'magna. Praesent', 'CDD', 1, '2019-01-10', '2018-04-15', '2018-01-22', 'dapibus', 'et pede. Nunc sed orci lobortis', 'partiel', 'felis.', 'Pellentesque', 'dui, nec', 56),
(73, 'Vulputate Ltd', 73, '2018-01-12 23:00:00', 'semper pretium neque.', 'nisi nibh lacinia orci, consectetuer', 'Praesent Limited', 'mus. Proin vel arcu eu', 'semper, dui', 'CDD', 1, '2018-04-05', '2017-12-11', '2017-04-13', 'dolor', 'consectetuer adipiscing elit. Etiam laoreet, libero', 'complet', 'Proin', 'ut', 'quis diam luctus lobortis. Class', 50),
(74, 'Auctor Ullamcorper LLC', 74, '2018-01-13 23:00:00', 'id nunc interdum', 'diam. Sed diam lorem, auctor', 'Dolor Consulting', 'nec, cursus a, enim. Suspendisse', 'luctus felis', 'CDD', 1, '2018-03-01', '2018-07-21', '2018-08-10', 'rutrum', 'egestas. Aliquam fringilla cursus purus. Nullam', 'partiel', 'Sed', 'Nulla', 'vitae odio sagittis semper. Nam', 18),
(75, 'In Associates', 75, '2017-05-05 22:00:00', 'iaculis odio. Nam', 'pellentesque massa lobortis ultrices. Vivamus', 'Faucibus Leo Corp.', 'ipsum. Donec sollicitudin adipiscing ligula.', 'et pede.', 'CDI', 0, '2017-09-06', '2018-06-11', '2018-08-09', 'Aenean', 'montes, nascetur ridiculus mus. Aenean eget', 'partiel', 'eu,', 'malesuada', 'egestas a, scelerisque sed, sapien. Nunc', 68),
(76, 'Vulputate Industries', 76, '2018-02-20 23:00:00', 'Fusce aliquam, enim', 'nulla vulputate dui, nec tempus', 'Et Tristique Foundation', 'eu dolor egestas rhoncus. Proin', 'Fusce mi', 'CDI', 0, '2018-09-29', '2017-11-20', '2018-12-16', 'Fusce', 'amet risus. Donec egestas. Aliquam nec', 'partiel', 'eu', 'posuere,', 'ipsum. Suspendisse sagittis. Nullam', 9),
(77, 'Natoque Penatibus Ltd', 77, '2018-05-24 22:00:00', 'ac, fermentum vel,', 'Donec consectetuer mauris id sapien.', 'Dolor Foundation', 'vel lectus. Cum sociis natoque', 'ligula. Nullam', 'CDI', 0, '2019-01-24', '2017-06-30', '2018-10-02', 'ligula', 'natoque penatibus et magnis dis parturient', 'complet', 'eu', 'magna', 'fringilla euismod enim. Etiam gravida molestie arcu. Sed', 32),
(78, 'Duis Risus Odio Incorporated', 78, '2018-05-18 22:00:00', 'Aliquam ultrices iaculis', 'sem ut cursus luctus, ipsum', 'Donec Porttitor Tellus Foundation', 'dapibus id, blandit at, nisi.', 'Nullam velit', 'CDI', 1, '2019-01-01', '2017-11-17', '2019-02-02', 'pharetra.', 'Aenean massa. Integer vitae nibh. Donec', 'partiel', 'mauris', 'magna.', 'nec quam.', 34),
(79, 'Magna Industries', 79, '2019-02-06 23:00:00', 'Integer in magna.', 'Proin sed turpis nec mauris', 'Lacinia Sed Congue Consulting', 'Sed auctor odio a purus.', 'convallis convallis', 'CDI', 0, '2018-04-16', '2017-05-12', '2018-04-27', 'risus.', 'adipiscing non, luctus sit amet, faucibus', 'complet', 'aliquet', 'tempor', 'dictum. Proin eget odio. Aliquam vulputate', 18),
(80, 'Praesent Eu LLP', 80, '2018-04-01 22:00:00', 'torquent per conubia', 'imperdiet non, vestibulum nec, euismod', 'Sit LLP', 'Mauris eu turpis. Nulla aliquet.', 'pede et', 'CDI', 1, '2018-09-14', '2017-07-02', '2018-05-15', 'vel', 'Suspendisse tristique neque venenatis lacus. Etiam', 'partiel', 'euismod', 'convallis', 'Mauris quis turpis vitae', 25),
(81, 'Euismod Enim Consulting', 81, '2017-03-09 23:00:00', 'nec enim. Nunc', 'eu sem. Pellentesque ut ipsum', 'Malesuada Ltd', 'eleifend vitae, erat. Vivamus nisi.', 'ipsum dolor', 'CDD', 1, '2019-01-13', '2017-04-19', '2017-03-30', 'ornare,', 'eu tellus. Phasellus elit pede, malesuada', 'complet', 'cursus.', 'elit,', 'ac arcu. Nunc mauris. Morbi', 75),
(82, 'Magnis Dis Ltd', 82, '2018-02-21 23:00:00', 'amet ultricies sem', 'ornare. In faucibus. Morbi vehicula.', 'Pharetra LLP', 'elit sed consequat auctor, nunc', 'auctor quis,', 'CDD', 0, '2017-07-14', '2017-03-10', '2017-05-30', 'Nam', 'tempor erat neque non quam. Pellentesque', 'complet', 'Phasellus', 'amet,', 'porttitor vulputate, posuere vulputate, lacus. Cras', 31),
(83, 'Ipsum Ltd', 83, '2017-12-19 23:00:00', 'feugiat tellus lorem', 'mi enim, condimentum eget, volutpat', 'Proin Vel Limited', 'urna, nec luctus felis purus', 'arcu. Vestibulum', 'CDI', 1, '2017-05-22', '2018-06-14', '2018-04-26', 'consequat', 'augue, eu tempor erat neque non', 'partiel', 'facilisis', 'Cras', 'Aenean egestas hendrerit neque.', 95),
(84, 'Ligula Nullam Institute', 84, '2017-06-08 22:00:00', 'eget, venenatis a,', 'eget nisi dictum augue malesuada', 'Libero Donec Consectetuer Corp.', 'diam dictum sapien. Aenean massa.', 'velit. Sed', 'CDD', 1, '2018-07-13', '2017-07-17', '2018-09-28', 'turpis.', 'et malesuada fames ac turpis egestas.', 'partiel', 'nec', 'quam.', 'est mauris, rhoncus id, mollis nec, cursus', 91),
(85, 'Consectetuer Adipiscing Elit Corporation', 85, '2018-06-19 22:00:00', 'fermentum metus. Aenean', 'Donec vitae erat vel pede', 'Bibendum Fermentum Metus LLC', 'Aenean eget magna. Suspendisse tristique', 'nec mauris', 'CDI', 0, '2017-08-12', '2017-07-27', '2017-06-10', 'molestie', 'turpis egestas. Aliquam fringilla cursus purus.', 'partiel', 'diam', 'orci,', 'Integer mollis. Integer tincidunt aliquam arcu. Aliquam ultrices iaculis odio.', 46),
(86, 'Senectus Et Foundation', 86, '2017-05-21 22:00:00', 'tempus mauris erat', 'taciti sociosqu ad litora torquent', 'Vitae Odio Sagittis Company', 'nulla. Integer vulputate, risus a', 'dictum eleifend,', 'CDI', 1, '2018-12-20', '2019-02-15', '2018-08-26', 'metus', 'ultricies sem magna nec quam. Curabitur', 'partiel', 'Nullam', 'lobortis', 'non, luctus sit amet, faucibus ut,', 54),
(87, 'Ultricies Adipiscing LLC', 87, '2017-06-11 22:00:00', 'lectus justo eu', 'dapibus id, blandit at, nisi.', 'Mattis Integer Eu LLC', 'odio a purus. Duis elementum,', 'quis massa.', 'CDD', 1, '2017-11-04', '2018-06-21', '2018-10-13', 'pede,', 'nunc. Quisque ornare tortor at risus.', 'partiel', 'Phasellus', 'enim.', 'consectetuer, cursus et, magna. Praesent', 67),
(88, 'Urna Nullam Corp.', 88, '2018-10-05 22:00:00', 'Nam tempor diam', 'pharetra, felis eget varius ultrices,', 'Fusce LLC', 'nunc sed pede. Cum sociis', 'at, velit.', 'CDD', 0, '2018-08-30', '2017-04-22', '2017-06-07', 'non', 'vel arcu eu odio tristique pharetra.', 'partiel', 'augue,', 'tristique', 'aliquet. Phasellus fermentum convallis ligula. Donec luctus', 8),
(89, 'Vulputate Associates', 89, '2017-12-27 23:00:00', 'ipsum non arcu.', 'Pellentesque habitant morbi tristique senectus', 'Elit Consulting', 'primis in faucibus orci luctus', 'Cras interdum.', 'CDD', 0, '2018-04-06', '2017-03-16', '2017-12-15', 'eros', 'urna et arcu imperdiet ullamcorper. Duis', 'partiel', 'enim.', 'luctus.', 'vitae odio sagittis semper. Nam tempor diam dictum sapien. Aenean', 93),
(90, 'Aliquam Arcu Aliquam Associates', 90, '2018-05-27 22:00:00', 'ante blandit viverra.', 'montes, nascetur ridiculus mus. Proin', 'Auctor Consulting', 'purus, accumsan interdum libero dui', 'eu augue', 'CDD', 1, '2017-10-19', '2017-06-30', '2019-02-16', 'risus', 'tortor. Nunc commodo auctor velit. Aliquam', 'partiel', 'Duis', 'pellentesque', 'orci. Ut semper pretium neque. Morbi quis', 82),
(91, 'Mi Incorporated', 91, '2017-05-26 22:00:00', 'eu dui. Cum', 'dis parturient montes, nascetur ridiculus', 'Velit Limited', 'eu eros. Nam consequat dolor', 'est, mollis', 'CDD', 1, '2017-07-12', '2017-08-14', '2018-09-29', 'montes,', 'Duis dignissim tempor arcu. Vestibulum ut', 'partiel', 'dolor,', 'et', 'enim. Curabitur massa. Vestibulum', 48),
(92, 'Vestibulum Nec Euismod LLP', 92, '2018-08-07 22:00:00', 'Maecenas ornare egestas', 'mauris id sapien. Cras dolor', 'Vitae Velit Corp.', 'mattis semper, dui lectus rutrum', 'sed dictum', 'CDD', 0, '2018-11-06', '2017-07-02', '2018-09-04', 'mollis', 'pulvinar arcu et pede. Nunc sed', 'complet', 'Vivamus', 'ligula.', 'Aliquam adipiscing lobortis risus. In mi pede, nonummy ut,', 39),
(93, 'A Dui Industries', 93, '2017-12-16 23:00:00', 'erat. Etiam vestibulum', 'Proin nisl sem, consequat nec,', 'Sociis Incorporated', 'ante ipsum primis in faucibus', 'at, egestas', 'CDI', 1, '2018-09-04', '2019-02-19', '2018-03-21', 'lectus', 'ut lacus. Nulla tincidunt, neque vitae', 'partiel', 'nec,', 'ultrices.', 'Donec egestas. Duis ac arcu. Nunc', 43),
(94, 'Vivamus Euismod Urna Foundation', 94, '2018-02-17 23:00:00', 'Mauris magna. Duis', 'sed, facilisis vitae, orci. Phasellus', 'Nunc Interdum Feugiat LLC', 'molestie dapibus ligula. Aliquam erat', 'Suspendisse tristique', 'CDI', 0, '2017-05-29', '2017-07-02', '2018-04-09', 'magnis', 'mi, ac mattis velit justo nec', 'partiel', 'dignissim', 'Vivamus', 'libero nec ligula consectetuer rhoncus. Nullam velit dui,', 90),
(95, 'Cursus Industries', 95, '2018-09-03 22:00:00', 'risus. Quisque libero', 'risus, at fringilla purus mauris', 'Ipsum Primis In LLP', 'dolor, nonummy ac, feugiat non,', 'ipsum cursus', 'CDI', 1, '2018-08-01', '2019-02-07', '2017-09-26', 'placerat', 'Vivamus euismod urna. Nullam lobortis quam', 'complet', 'Proin', 'sit', 'luctus aliquet odio. Etiam ligula tortor, dictum eu,', 70),
(96, 'Ut Eros Non Institute', 96, '2018-01-01 23:00:00', 'Vivamus nibh dolor,', 'lacinia mattis. Integer eu lacus.', 'Venenatis A Incorporated', 'tortor. Integer aliquam adipiscing lacus.', 'tempus non,', 'CDD', 1, '2018-08-20', '2017-06-30', '2017-09-15', 'Cras', 'Vestibulum ante ipsum primis in faucibus', 'complet', 'sagittis', 'sit', 'feugiat. Sed nec metus facilisis lorem', 98),
(97, 'Justo Ltd', 97, '2017-04-26 22:00:00', 'auctor velit. Aliquam', 'elementum sem, vitae aliquam eros', 'Neque Non Limited', 'faucibus ut, nulla. Cras eu', 'habitant morbi', 'CDI', 1, '2018-03-08', '2017-12-22', '2018-03-18', 'ipsum', 'Nunc ullamcorper, velit in aliquet lobortis,', 'partiel', 'metus', 'Sed', 'pede.', 99),
(98, 'Eu Industries', 98, '2017-11-27 23:00:00', 'in sodales elit', 'arcu iaculis enim, sit amet', 'Pharetra Ltd', 'magna. Phasellus dolor elit, pellentesque', 'Sed nunc', 'CDI', 0, '2017-07-14', '2018-11-15', '2018-09-16', 'et', 'nisl arcu iaculis enim, sit amet', 'complet', 'at,', 'et', 'dignissim magna a tortor. Nunc commodo', 45),
(99, 'Natoque Penatibus Ltd', 99, '2018-05-26 22:00:00', 'arcu et pede.', 'felis purus ac tellus. Suspendisse', 'Semper Ltd', 'non, vestibulum nec, euismod in,', 'bibendum fermentum', 'CDI', 1, '2017-07-04', '2017-12-27', '2017-03-07', 'mollis', 'purus gravida sagittis. Duis gravida. Praesent', 'complet', 'sem', 'dictum', 'Suspendisse ac metus vitae velit', 62),
(100, 'Proin Industries', 100, '2019-01-05 23:00:00', 'enim diam vel', 'lorem tristique aliquet. Phasellus fermentum', 'Magna Praesent PC', 'fermentum vel, mauris. Integer sem', 'magna. Cras', 'CDD', 1, '2018-08-01', '2018-01-10', '2017-05-26', 'blandit', 'ante lectus convallis est, vitae sodales', 'complet', 'Fusce', 'libero', 'adipiscing lacus. Ut nec urna et', 22);

-- --------------------------------------------------------

--
-- Structure de la table `etablissement`
--

CREATE TABLE `etablissement` (
  `idEtablissement` int(11) NOT NULL,
  `nomEtablissement` varchar(25) NOT NULL
) ENGINE=InnoDB DEFAULT CHARSET=utf8;

--
-- Contenu de la table `etablissement`
--

INSERT INTO `etablissement` (`idEtablissement`, `nomEtablissement`) VALUES
(1, 'bat a'),
(2, 'bat b');

-- --------------------------------------------------------

--
-- Structure de la table `personne`
--

CREATE TABLE `personne` (
  `idPersonne` int(11) NOT NULL,
  `nomPersonne` varchar(255) NOT NULL,
  `nomJeuneFillePersonne` varchar(255) DEFAULT NULL,
  `prenomPersonne` varchar(255) NOT NULL,
  `dateNaissance` date NOT NULL,
  `lieuNaissance` varchar(255) NOT NULL,
  `numSecuSoc` bigint(15) NOT NULL,
  `nationalite` varchar(255) NOT NULL,
  `adresse` varchar(255) NOT NULL,
  `complementAdresse` varchar(255) DEFAULT NULL,
  `codePostal` int(11) NOT NULL,
  `ville` varchar(255) NOT NULL
) ENGINE=InnoDB DEFAULT CHARSET=utf8;

--
-- Contenu de la table `personne`
--

INSERT INTO `personne` (`idPersonne`, `nomPersonne`, `nomJeuneFillePersonne`, `prenomPersonne`, `dateNaissance`, `lieuNaissance`, `numSecuSoc`, `nationalite`, `adresse`, `complementAdresse`, `codePostal`, `ville`) VALUES
(1, 'Fabre', 'Olivier', 'Margaux', '2018-12-26', 'Bastia', 1, 'Micronesia', '424-396 Fermentum St.', 'Corse', 1, 'Bastia'),
(2, 'Berger', 'Collet', 'Clément', '2018-02-04', 'Angoulême', 2, 'Argentina', '793-2107 Mi Avenue', 'PO', 2, 'La Rochelle'),
(3, 'Vincent', 'Brunet', 'Lena', '2018-03-19', 'Aulnay-sous-Bois', 3, 'Japan', 'Ap #474-1485 Molestie Ave', 'Île-de-France', 3, 'Vitry-sur-Seine'),
(4, 'Brun', 'Francois', 'Anaëlle', '2018-02-02', 'Montpellier', 4, 'Bulgaria', '380-3099 Quis St.', 'LA', 4, 'Lunel'),
(5, 'Perrot', 'Le roux', 'Louis', '2018-09-15', 'Bastia', 5, 'Seychelles', 'Ap #860-6525 Malesuada St.', 'CO', 5, 'Bastia'),
(6, 'Gay', 'Benoit', 'Jérémy', '2017-02-24', 'Lisieux', 6, 'Tokelau', 'Ap #354-5992 Neque. Avenue', 'BA', 6, 'Hérouville-Saint-Clair'),
(7, 'Leclercq', 'Clement', 'Alexis', '2018-08-29', 'Le Grand-Quevilly', 7, 'Russian Federation', 'P.O. Box 632, 4705 Nunc, Road', 'HA', 7, 'Dieppe'),
(8, 'Michel', 'Gomez', 'Malo', '2017-08-30', 'Saint-Sébastien-sur-Loire', 8, 'Sudan', 'P.O. Box 484, 992 Lacus, Ave', 'PA', 8, 'Saint-Herblain'),
(9, 'Lefevre', 'Albert', 'Mathieu', '2018-11-09', 'Versailles', 9, 'Saudi Arabia', 'P.O. Box 449, 412 Nullam Road', 'Île-de-France', 9, 'Créteil'),
(10, 'Gay', 'Clement', 'Maéva', '2018-05-29', 'Saint-Malo', 10, 'Cuba', 'Ap #511-9839 Amet Ave', 'BR', 10, 'Saint-Malo'),
(11, 'Meunier', 'Louis', 'Yüna', '2018-07-25', 'Alençon', 11, 'El Salvador', 'P.O. Box 836, 9419 Quis, Rd.', 'BA', 11, 'Hérouville-Saint-Clair'),
(12, 'Jacob', 'Menard', 'Léonie', '2017-10-05', 'Bastia', 12, 'Slovenia', '6912 Bibendum Street', 'CO', 12, 'Ajaccio'),
(13, 'Masson', 'Millet', 'Noë', '2017-06-07', 'Bastia', 13, 'Guernsey', '3614 Vivamus Street', 'Corse', 13, 'Ajaccio'),
(14, 'Carre', 'Gaillard', 'Clémence', '2018-12-14', 'Brive-la-Gaillarde', 14, 'Namibia', '9041 Pede. Avenue', 'Limousin', 14, 'Limoges'),
(15, 'Lopez', 'Bonnet', 'Thomas', '2018-06-20', 'Charleville-Mézières', 15, 'French Southern Territories', 'P.O. Box 671, 6515 Lacinia St.', 'Champagne-Ardenne', 15, 'Épernay'),
(16, 'Roger', 'Arnaud', 'Amandine', '2017-08-02', 'Rezé', 16, 'Saint Kitts and Nevis', '174-7194 Orci Road', 'Pays de la Loire', 16, 'Rezé'),
(17, 'Barre', 'Lecomte', 'Simon', '2017-06-07', 'Cherbourg-Octeville', 17, 'French Guiana', '992-217 Imperdiet Road', 'BA', 17, 'Cherbourg-Octeville'),
(18, 'Le roux', 'Guyot', 'Dylan', '2018-07-05', 'Évreux', 18, 'Macao', 'Ap #904-378 Metus. St.', 'HA', 18, 'Sotteville-lès-Rouen'),
(19, 'Laurent', 'Pons', 'Jasmine', '2018-07-19', 'Tarbes', 19, 'Sweden', '631-3058 Elit. Road', 'MI', 19, 'Albi'),
(20, 'Remy', 'Fleury', 'Ambre', '2017-06-11', 'La Seyne-sur-Mer', 20, 'Burkina Faso', 'P.O. Box 867, 9754 Ligula. Street', 'Provence-Alpes-Côte d\'Azur', 20, 'Hyères'),
(21, 'Prevost', 'Francois', 'Zoé', '2018-04-29', 'Lille', 21, 'Norway', 'P.O. Box 799, 3688 Quam. Avenue', 'Nord-Pas-de-Calais', 21, 'Lens'),
(22, 'Noel', 'Poulain', 'Chaïma', '2018-05-02', 'Saintes', 22, 'Sri Lanka', '342-733 Mollis. Road', 'Poitou-Charentes', 22, 'Saintes'),
(23, 'Pasquier', 'Collet', 'Tristan', '2017-04-05', 'Vernon', 23, 'Bermuda', 'Ap #206-1180 Nulla Av.', 'HA', 23, 'Le Grand-Quevilly'),
(24, 'Lambert', 'Chevalier', 'Yanis', '2017-11-08', 'Limoges', 24, 'Angola', 'P.O. Box 810, 9202 Feugiat Rd.', 'LI', 24, 'Brive-la-Gaillarde'),
(25, 'Jean', 'Thomas', 'Victor', '2017-03-27', 'Montigny-lès-Metz', 25, 'Saint Lucia', 'P.O. Box 933, 4020 Cubilia Rd.', 'Lorraine', 25, 'Sarreguemines'),
(26, 'Caron', 'Le roux', 'Éloïse', '2018-07-03', 'Cherbourg-Octeville', 26, 'Suriname', 'P.O. Box 239, 9004 Et St.', 'BA', 26, 'Saint-Lô'),
(27, 'Morel', 'Riviere', 'Agathe', '2017-02-25', 'Mâcon', 27, 'Dominica', 'P.O. Box 359, 4590 Neque Street', 'Bourgogne', 27, 'Mâcon'),
(28, 'Cousin', 'Gaillard', 'Ambre', '2018-01-02', 'Mâcon', 28, 'Belize', '469-3555 Et St.', 'Bourgogne', 28, 'Nevers'),
(29, 'Marie', 'Lemoine', 'Mathis', '2017-11-24', 'Béziers', 29, 'Netherlands', '3158 Aliquam Road', 'LA', 29, 'Perpignan'),
(30, 'Picard', 'Robert', 'Thomas', '2018-04-04', 'Le Mans', 30, 'Virgin Islands, United States', '6126 Mauris Av.', 'PA', 30, 'Orvault'),
(31, 'Dumas', 'Lucas', 'Mathieu', '2017-10-05', 'Dijon', 31, 'Benin', '2512 Eget Ave', 'BO', 31, 'Sens'),
(32, 'Vasseur', 'Brun', 'Félix', '2018-06-29', 'Saint-Maur-des-Fossés', 32, 'French Southern Territories', '2446 Nunc Av.', 'Île-de-France', 32, 'Montreuil'),
(33, 'Dupont', 'Thomas', 'Amélie', '2017-12-23', 'Cherbourg-Octeville', 33, 'Sierra Leone', '917-7869 Nisi Rd.', 'Basse-Normandie', 33, 'Lisieux'),
(34, 'Bonnet', 'Prevost', 'Maxence', '2018-06-22', 'Bastia', 34, 'Bonaire, Sint Eustatius and Saba', 'Ap #716-7665 Mollis. Rd.', 'Corse', 34, 'Ajaccio'),
(35, 'Humbert', 'Marchand', 'Colin', '2017-05-14', 'Saint-Dizier', 35, 'Uganda', 'Ap #331-8169 Nonummy. St.', 'CH', 35, 'Épernay'),
(36, 'Vidal', 'Cousin', 'Solene', '2018-04-28', 'Hérouville-Saint-Clair', 36, 'India', 'P.O. Box 248, 7931 Purus. Rd.', 'BA', 36, 'Alençon'),
(37, 'Roy', 'Marechal', 'Cloé', '2018-08-05', 'Saintes', 37, 'Bangladesh', 'Ap #411-9002 Amet Avenue', 'PO', 37, 'La Rochelle'),
(38, 'Weber', 'Robin', 'Rosalie', '2017-11-05', 'Dieppe', 38, 'Bahamas', 'P.O. Box 182, 6440 Cras Rd.', 'Haute-Normandie', 38, 'Dieppe'),
(39, 'Menard', 'Leroux', 'Léon', '2017-08-13', 'Charleville-Mézières', 39, 'Nigeria', '5269 Lorem Avenue', 'Champagne-Ardenne', 39, 'Troyes'),
(40, 'Lopez', 'Perrin', 'Léane', '2017-12-11', 'Troyes', 40, 'Mali', 'Ap #478-7929 Urna. Rd.', 'CH', 40, 'Épernay'),
(41, 'Louis', 'Boulanger', 'Jordan', '2018-05-08', 'Montluçon', 41, 'Ireland', 'Ap #944-4506 Lorem Rd.', 'Auvergne', 41, 'Aurillac'),
(42, 'Henry', 'Giraud', 'Romane', '2018-06-26', 'Pessac', 42, 'Finland', 'Ap #850-2417 Leo. Av.', 'AQ', 42, 'Talence'),
(43, 'Philippe', 'Gonzalez', 'Grégory', '2017-08-03', 'Lunel', 43, 'Falkland Islands', 'Ap #524-9440 Enim. Av.', 'Languedoc-Roussillon', 43, 'Alès'),
(44, 'Barre', 'Dubois', 'Jasmine', '2018-05-15', 'Cholet', 44, 'New Zealand', '713-8533 Ullamcorper, St.', 'Pays de la Loire', 44, 'Saint-Sébastien-sur-Loire'),
(45, 'Aubry', 'Brun', 'Rosalie', '2017-05-22', 'Sète', 45, 'Guam', '794-5799 Mollis. St.', 'LA', 45, 'Alès'),
(46, 'Colin', 'Pierre', 'Mathis', '2017-08-14', 'Drancy', 46, 'Virgin Islands, British', '996-6155 Curabitur Rd.', 'IL', 46, 'Courbevoie'),
(47, 'Pasquier', 'Mallet', 'Marion', '2018-12-04', 'Vierzon', 47, 'Colombia', 'P.O. Box 844, 2499 Lorem Ave', 'CE', 47, 'Dreux'),
(48, 'Humbert', 'Arnaud', 'Martin', '2018-07-18', 'Ajaccio', 48, 'Peru', 'P.O. Box 366, 3504 Nibh Ave', 'Corse', 48, 'Bastia'),
(49, 'Renaud', 'Lefevre', 'Bienvenue', '2017-10-01', 'Cherbourg-Octeville', 49, 'Paraguay', '465-1395 Risus, Av.', 'BA', 49, 'Lisieux'),
(50, 'Deschamps', 'Dumont', 'Antonin', '2017-08-08', 'Brive-la-Gaillarde', 50, 'Nigeria', '846-1886 Metus Av.', 'Limousin', 50, 'Brive-la-Gaillarde'),
(51, 'Marie', 'Henry', 'Bienvenue', '2018-08-03', 'Dreux', 51, 'Bangladesh', 'Ap #626-7872 Enim. St.', 'CE', 51, 'Joué-lès-Tours'),
(52, 'Meunier', 'Vidal', 'Emma', '2018-02-01', 'Caen', 52, 'Zimbabwe', '9449 Enim. Rd.', 'Basse-Normandie', 52, 'Saint-Lô'),
(53, 'Lemoine', 'Boucher', 'Grégory', '2018-09-09', 'Lanester', 53, 'Libya', '710-9319 Orci. Rd.', 'Bretagne', 53, 'Lanester'),
(54, 'Etienne', 'Herve', 'Loevan', '2017-03-20', 'Montluçon', 54, 'Nigeria', '803-6196 Nulla. St.', 'AU', 54, 'Le Puy-en-Velay'),
(55, 'Boucher', 'Lambert', 'Cloé', '2018-02-15', 'Vannes', 55, 'French Southern Territories', '1868 Cursus Rd.', 'BR', 55, 'Vannes'),
(56, 'Marchand', 'Dumont', 'Hugo', '2018-11-23', 'Nancy', 56, 'Bahamas', '4021 Feugiat. Av.', 'LO', 56, 'Metz'),
(57, 'Roy', 'Caron', 'Florentin', '2017-08-25', 'Brive-la-Gaillarde', 57, 'Timor-Leste', '5370 A St.', 'LI', 57, 'Limoges'),
(58, 'Bertrand', 'Moulin', 'Léonie', '2019-01-24', 'Ajaccio', 58, 'Saint Helena, Ascension and Tristan da Cunha', 'Ap #959-6118 Commodo St.', 'Corse', 58, 'Bastia'),
(59, 'Masson', 'Aubry', 'Océane', '2018-09-11', 'Bègles', 59, 'Slovenia', '373-1287 Molestie Avenue', 'Aquitaine', 59, 'Talence'),
(60, 'Petit', 'Brunet', 'Amine', '2017-11-02', 'Brive-la-Gaillarde', 60, 'Gibraltar', 'P.O. Box 641, 497 Libero Street', 'Limousin', 60, 'Limoges'),
(61, 'Rousseau', 'Guyot', 'Lauriane', '2018-07-26', 'Le Mans', 61, 'Lebanon', '323-8189 Tincidunt St.', 'Pays de la Loire', 61, 'Laval'),
(62, 'David', 'Leclerc', 'Ambre', '2017-05-07', 'Clermont-Ferrand', 62, 'Saint Martin', 'Ap #650-4239 Tincidunt Rd.', 'AU', 62, 'Montluçon'),
(63, 'Mathieu', 'Le goff', 'Corentin', '2018-08-25', 'Rouen', 63, 'Jersey', 'Ap #728-2201 Sem. Rd.', 'Haute-Normandie', 63, 'Sotteville-lès-Rouen'),
(64, 'Lambert', 'Lemoine', 'Charlotte', '2018-07-26', 'Montpellier', 64, 'Paraguay', '257-107 Massa. St.', 'Languedoc-Roussillon', 64, 'Béziers'),
(65, 'Blanc', 'Moreau', 'Lisa', '2017-05-31', 'Saintes', 65, 'Bolivia', 'Ap #381-1101 Ultrices Street', 'PO', 65, 'La Rochelle'),
(66, 'Baron', 'Bonnet', 'Élouan', '2018-03-18', 'Beauvais', 66, 'Paraguay', 'P.O. Box 243, 3660 Amet, St.', 'Picardie', 66, 'Laon'),
(67, 'Perrin', 'Brunet', 'Alexis', '2017-12-15', 'Lille', 67, 'Azerbaijan', '3080 Tellus Ave', 'NO', 67, 'Béthune'),
(68, 'Marechal', 'Martinez', 'Syrine', '2018-06-26', 'Bastia', 68, 'Micronesia', '626-9424 Mauris St.', 'CO', 68, 'Ajaccio'),
(69, 'Chevalier', 'Boulanger', 'Erwan', '2018-07-09', 'Chartres', 69, 'Guatemala', 'Ap #454-9076 Gravida. Road', 'Centre', 69, 'Joué-lès-Tours'),
(70, 'Brunet', 'Boucher', 'Emma', '2017-11-29', 'La Rochelle', 70, 'Niger', 'Ap #596-9873 Aliquam Street', 'PO', 70, 'Saintes'),
(71, 'Bouvier', 'Paris', 'Yohan', '2018-02-08', 'Nice', 71, 'Finland', 'P.O. Box 909, 3592 Lacus. Ave', 'PR', 71, 'Istres'),
(72, 'Gay', 'Garcia', 'Nathan', '2019-01-03', 'Lisieux', 72, 'Brazil', 'Ap #609-2977 Enim, Rd.', 'Basse-Normandie', 72, 'Alençon'),
(73, 'Bernard', 'Poirier', 'Alexia', '2018-04-07', 'Dole', 73, 'Comoros', '4394 Vulputate Road', 'Franche-Comté', 73, 'Montbéliard'),
(74, 'Denis', 'Robin', 'Mohamed', '2018-05-13', 'Rezé', 74, 'Saint Barthélemy', 'P.O. Box 377, 9115 Congue, Street', 'PA', 74, 'Orvault'),
(75, 'Mercier', 'Michel', 'Mathis', '2018-12-15', 'Poitiers', 75, 'Gibraltar', '580-6405 Malesuada St.', 'PO', 75, 'Poitiers'),
(76, 'David', 'Michel', 'Dorian', '2017-09-03', 'Carcassonne', 76, 'New Caledonia', 'Ap #344-4406 Felis, Rd.', 'LA', 76, 'Perpignan'),
(77, 'Brunet', 'Mercier', 'Louis', '2018-12-25', 'Dieppe', 77, 'Svalbard and Jan Mayen Islands', 'P.O. Box 206, 2515 Enim. Avenue', 'HA', 77, 'Sotteville-lès-Rouen'),
(78, 'Dupont', 'Royer', 'Dimitri', '2017-11-27', 'Roubaix', 78, 'Fiji', 'P.O. Box 790, 1294 Non Rd.', 'Nord-Pas-de-Calais', 78, 'Marcq-en-Baroeul'),
(79, 'Chevalier', 'Blanchard', 'Adrian', '2018-11-16', 'Niort', 79, 'Morocco', 'P.O. Box 586, 5632 Egestas Av.', 'Poitou-Charentes', 79, 'Niort'),
(80, 'Lopez', 'Gonzalez', 'Marie', '2018-08-02', 'Montluçon', 80, 'Antarctica', '7196 Magna. St.', 'AU', 80, 'Le Puy-en-Velay'),
(81, 'Poirier', 'Renaud', 'Juliette', '2018-02-17', 'Bastia', 81, 'Sierra Leone', '753-1148 Nam Ave', 'CO', 81, 'Ajaccio'),
(82, 'Gerard', 'Breton', 'Romane', '2017-07-27', 'Saint-Lô', 82, 'Namibia', '668-9413 Mauris Avenue', 'BA', 82, 'Caen'),
(83, 'Renard', 'Denis', 'Loevan', '2018-03-05', 'Le Petit-Quevilly', 83, 'Belarus', '6509 Sodales. St.', 'HA', 83, 'Le Havre'),
(84, 'Denis', 'Roussel', 'Lucas', '2017-02-23', 'Vitry-sur-Seine', 84, 'Iran', '9208 Cursus Avenue', 'IL', 84, 'Créteil'),
(85, 'Gay', 'Poirier', 'Yasmine', '2018-08-04', 'Douai', 85, 'Romania', '9303 Sit St.', 'NO', 85, 'Calais'),
(86, 'Lucas', 'Barre', 'Françoise', '2017-08-31', 'Vierzon', 86, 'Bosnia and Herzegovina', '6951 Iaculis St.', 'CE', 86, 'Bourges'),
(87, 'Guillaume', 'Millet', 'Élise', '2017-08-31', 'Saint-Herblain', 87, 'Sierra Leone', 'Ap #214-7192 Velit. Street', 'PA', 87, 'Vertou'),
(88, 'Chevallier', 'Fleury', 'Thomas', '2019-01-01', 'Auxerre', 88, 'Tajikistan', '936-9198 Placerat Rd.', 'Bourgogne', 88, 'Auxerre'),
(89, 'Durand', 'Laine', 'Mélanie', '2018-05-01', 'Blois', 89, 'Virgin Islands, United States', 'P.O. Box 961, 5922 Mattis. Street', 'CE', 89, 'Bourges'),
(90, 'Picard', 'Albert', 'Tom', '2018-03-12', 'Beauvais', 90, 'Cayman Islands', 'P.O. Box 894, 8749 Eget Avenue', 'Picardie', 90, 'Abbeville'),
(91, 'Vasseur', 'Moreau', 'Paul', '2018-06-28', 'Champigny-sur-Marne', 91, 'Paraguay', '2610 Orci. Avenue', 'Île-de-France', 91, 'Argenteuil'),
(92, 'Charpentier', 'Maillard', 'Lou', '2017-12-29', 'Rouen', 92, 'Comoros', 'Ap #754-9107 Sed Rd.', 'Haute-Normandie', 92, 'Le Petit-Quevilly'),
(93, 'Durand', 'Marchal', 'Kevin', '2019-01-13', 'Pontarlier', 93, 'Gabon', 'Ap #557-679 Risus. Avenue', 'FC', 93, 'Dole'),
(94, 'Thomas', 'Fournier', 'Antonin', '2018-12-01', 'Gap', 94, 'Wallis and Futuna', '8774 A, Av.', 'Provence-Alpes-Côte d\'Azur', 94, 'Aix-en-Provence'),
(95, 'Lemaire', 'Robert', 'Alexandre', '2018-07-26', 'Aurillac', 95, 'Aruba', 'P.O. Box 678, 834 Lorem Ave', 'AU', 95, 'Clermont-Ferrand'),
(96, 'Muller', 'Lecomte', 'Léonie', '2017-04-13', 'Orléans', 96, 'Sierra Leone', '3908 Semper Street', 'Centre', 96, 'Tours'),
(97, 'Vincent', 'Moreau', 'Yüna', '2018-02-24', 'Bayonne', 97, 'Korea, North', '6883 Scelerisque Av.', 'AQ', 97, 'Pessac'),
(98, 'Gomez', 'Deschamps', 'Rémi', '2018-06-04', 'Vierzon', 98, 'Guernsey', 'Ap #697-6734 Est. Rd.', 'Centre', 98, 'Joué-lès-Tours'),
(99, 'Francois', 'Gauthier', 'Romain', '2017-12-20', 'Brest', 99, 'Belize', 'Ap #919-5180 Id Rd.', 'Bretagne', 99, 'Vannes'),
(100, 'Baron', 'Fontaine', 'Alexandra', '2017-09-11', 'Moulins', 100, 'Mauritania', '6145 Lectus Street', 'Auvergne', 100, 'Le Puy-en-Velay');

-- --------------------------------------------------------

--
-- Structure de la table `qualification`
--

CREATE TABLE `qualification` (
  `idQualification` int(11) NOT NULL,
  `libelleQualification` varchar(255) NOT NULL
) ENGINE=InnoDB DEFAULT CHARSET=utf8;

--
-- Contenu de la table `qualification`
--

INSERT INTO `qualification` (`idQualification`, `libelleQualification`) VALUES
(1, 'qualif 1'),
(2, 'qualif 2');

--
-- Index pour les tables exportées
--

--
-- Index pour la table `demande`
--
ALTER TABLE `demande`
  ADD PRIMARY KEY (`idDemande`),
  ADD KEY `FK_Demande_idPersonne` (`idPersonne`);

--
-- Index pour la table `etablissement`
--
ALTER TABLE `etablissement`
  ADD PRIMARY KEY (`idEtablissement`);

--
-- Index pour la table `personne`
--
ALTER TABLE `personne`
  ADD PRIMARY KEY (`idPersonne`);

--
-- Index pour la table `qualification`
--
ALTER TABLE `qualification`
  ADD PRIMARY KEY (`idQualification`);

--
-- AUTO_INCREMENT pour les tables exportées
--

--
-- AUTO_INCREMENT pour la table `demande`
--
ALTER TABLE `demande`
  MODIFY `idDemande` int(11) NOT NULL AUTO_INCREMENT, AUTO_INCREMENT=101;
--
-- AUTO_INCREMENT pour la table `etablissement`
--
ALTER TABLE `etablissement`
  MODIFY `idEtablissement` int(11) NOT NULL AUTO_INCREMENT, AUTO_INCREMENT=3;
--
-- AUTO_INCREMENT pour la table `personne`
--
ALTER TABLE `personne`
  MODIFY `idPersonne` int(11) NOT NULL AUTO_INCREMENT, AUTO_INCREMENT=101;
--
-- AUTO_INCREMENT pour la table `qualification`
--
ALTER TABLE `qualification`
  MODIFY `idQualification` int(11) NOT NULL AUTO_INCREMENT, AUTO_INCREMENT=3;
--
-- Contraintes pour les tables exportées
--

--
-- Contraintes pour la table `demande`
--
ALTER TABLE `demande`
  ADD CONSTRAINT `FK_Demande_idPersonne` FOREIGN KEY (`idPersonne`) REFERENCES `personne` (`idPersonne`);

/*!40101 SET CHARACTER_SET_CLIENT=@OLD_CHARACTER_SET_CLIENT */;
/*!40101 SET CHARACTER_SET_RESULTS=@OLD_CHARACTER_SET_RESULTS */;
/*!40101 SET COLLATION_CONNECTION=@OLD_COLLATION_CONNECTION */;
